{
  "version": 7,
  "cmakeMinimumRequired": {
    "major": 3
  },
  "configurePresets": [
    {
      "name": "release-env",
      "displayName": "release-env",
      "hidden": true,
      "environment": {
        "ARMGCC_DIR": "C:/NXP/MCUXpressoIDE_24.12.148/ide/tools",
        "SdkRootDirPath": "c:/Users/TChyn/Downloads/SDK_25_06_00_MIMX8ML8xxxKZ",
        "POSTPROCESS_UTILITY": "",
        "MCUX_VENV_PATH": "",
        "PATH": "$env{MCUX_VENV_PATH}${pathListSep}$penv{PATH}"
      },
      "cacheVariables": {}
    }
  ],
  "buildPresets": []
}